category_id,count,pct
1,2126,1.7093467336683419
2,234,0.18814070351758794
4,7631,6.1354773869346735
5,8219,6.608241206030151
6,6045,4.860301507537688
7,5817,4.676984924623116
8,22670,18.22713567839196
9,7539,6.061507537688442
10,63863,51.347135678391965
11,231,0.1857286432160804
