category_id,count,pct,label
1,2126,1.709346733668342,Caption
2,234,0.1881407035175879,Footnote
4,7631,6.1354773869346735,List-item
5,8219,6.608241206030151,Page-footer
6,6045,4.860301507537688,Page-header
7,5817,4.676984924623116,Picture
8,22670,18.22713567839196,Section-header
9,7539,6.061507537688442,Table
10,63863,51.347135678391965,Text
11,231,0.1857286432160804,Title
